startDayHour,externalServiceName,externalServiceCall,requestUrl,numSamples,maxDuration,duration_P50,duration_P75,duration_P95,duration_P99
2017-03-21,CampaignAggregatorService,All,https://api.ucm.bingads.microsoft.com/api/v2/DataTable/BobAccounts,2457,18924.96,968.7429,1648.105,2812.796,4147.782
2017-03-22,CampaignAggregatorService,All,https://api.ucm.bingads.microsoft.com/api/v2/DataTable/BobAccounts,2806,21716.52,1021.725,1703.083,3080.885,5164.772
2017-03-23,CampaignAggregatorService,All,https://api.ucm.bingads.microsoft.com/api/v2/DataTable/BobAccounts,2927,30562.88,984.3756,1609.343,3115.027,5193.032
2017-03-24,CampaignAggregatorService,All,https://api.ucm.bingads.microsoft.com/api/v2/DataTable/BobAccounts,1808,6834.438,1015.486,1719.234,2929.113,4313.839
2017-03-27,CampaignAggregatorService,All,https://api.ucm.bingads.microsoft.com/api/v2/DataTable/BobAccounts,2701,19436.12,1140.592,1828.136,3155.829,5304.949
2017-03-28,CampaignAggregatorService,All,https://api.ucm.bingads.microsoft.com/api/v2/DataTable/BobAccounts,2841,14941.18,1125.511,1784.684,3046.873,4205.995
2017-03-29,CampaignAggregatorService,All,https://api.ucm.bingads.microsoft.com/api/v2/DataTable/BobAccounts,2639,29417.45,938.1329,1597.563,2899.619,5321.066
2017-03-30,CampaignAggregatorService,All,https://api.ucm.bingads.microsoft.com/api/v2/DataTable/BobAccounts,3376,60016.07,859.3615,1443.636,2740.546,4877.952
2017-03-31,CampaignAggregatorService,All,https://api.ucm.bingads.microsoft.com/api/v2/DataTable/BobAccounts,2371,18936.96,890.6524,1477.593,2578.107,4187.45
2017-04-03,CampaignAggregatorService,All,https://api.ucm.bingads.microsoft.com/api/v2/DataTable/BobAccounts,3297,13518.56,1031.228,1680.655,2924.737,4546.601
2017-04-04,CampaignAggregatorService,All,https://api.ucm.bingads.microsoft.com/api/v2/DataTable/BobAccounts,2727,18295.65,921.8855,1484.347,2577.925,3859.3
2017-04-05,CampaignAggregatorService,All,https://api.ucm.bingads.microsoft.com/api/v2/DataTable/BobAccounts,2401,10353.83,961.5381,1584.925,2749.947,4171.52
2017-04-06,CampaignAggregatorService,All,https://api.ucm.bingads.microsoft.com/api/v2/DataTable/BobAccounts,2830,19296.72,921.8613,1499.968,2781.533,4375.282
2017-04-07,CampaignAggregatorService,All,https://api.ucm.bingads.microsoft.com/api/v2/DataTable/BobAccounts,2285,13764.52,897.669,1543.578,2874.726,4203.125
2017-04-10,CampaignAggregatorService,All,https://api.ucm.bingads.microsoft.com/api/v2/DataTable/BobAccounts,2827,14391.22,953.1122,1593.714,2937.313,4406.138
2017-04-11,CampaignAggregatorService,All,https://api.ucm.bingads.microsoft.com/api/v2/DataTable/BobAccounts,2758,12317.72,968.75,1559.815,2812.608,4546.769
2017-04-12,CampaignAggregatorService,All,https://api.ucm.bingads.microsoft.com/api/v2/DataTable/BobAccounts,2412,21725.37,968.7733,1625.023,2968.76,4797.998
2017-04-13,CampaignAggregatorService,All,https://api.ucm.bingads.microsoft.com/api/v2/DataTable/BobAccounts,2334,13661.84,984.3588,1673.642,3093.14,5062.397
2017-04-14,CampaignAggregatorService,All,https://api.ucm.bingads.microsoft.com/api/v2/DataTable/BobAccounts,1395,8298.519,1001.193,1660.525,3102.336,4875.36
2017-04-17,CampaignAggregatorService,All,https://api.ucm.bingads.microsoft.com/api/v2/DataTable/BobAccounts,2175,25010.99,999.9762,1694.15,3121.773,8139.064
2017-04-18,CampaignAggregatorService,All,https://api.ucm.bingads.microsoft.com/api/v2/DataTable/BobAccounts,2079,7741.42,999.9814,1609.357,3036.889,4527.164
2017-04-19,CampaignAggregatorService,All,https://api.ucm.bingads.microsoft.com/api/v2/DataTable/BobAccounts,2724,24850.09,999.9808,1673.135,2936.611,4646.929
2017-04-20,CampaignAggregatorService,All,https://api.ucm.bingads.microsoft.com/api/v2/DataTable/BobAccounts,2291,11271.82,999.9909,1609.347,2984.358,4647.122
2017-04-21,CampaignAggregatorService,All,https://api.ucm.bingads.microsoft.com/api/v2/DataTable/BobAccounts,1847,7487.923,1020.908,1673.834,2798.957,4397.225
2017-04-24,CampaignAggregatorService,All,https://api.ucm.bingads.microsoft.com/api/v2/DataTable/BobAccounts,2858,18931.37,968.7323,1572.453,2907.558,4399.108
2017-04-25,CampaignAggregatorService,All,https://api.ucm.bingads.microsoft.com/api/v2/DataTable/BobAccounts,2789,17144.68,968.7318,1622.624,2953.124,4835.749
2017-04-26,CampaignAggregatorService,All,https://api.ucm.bingads.microsoft.com/api/v2/DataTable/BobAccounts,2348,22343.78,977.5535,1624.978,3058.839,5135.46
2017-04-27,CampaignAggregatorService,All,https://api.ucm.bingads.microsoft.com/api/v2/DataTable/BobAccounts,2037,8982.677,1012.228,1640.599,3031.213,4593.773
2017-04-28,CampaignAggregatorService,All,https://api.ucm.bingads.microsoft.com/api/v2/DataTable/BobAccounts,2240,19559.48,995.5268,1644.64,2953.44,4437.426
2017-05-02,CampaignAggregatorService,All,https://api.ucm.bingads.microsoft.com/api/v2/DataTable/BobAccounts,2540,9244.393,1015.602,1703.185,3015.727,4374.944
2017-05-03,CampaignAggregatorService,All,https://api.ucm.bingads.microsoft.com/api/v2/DataTable/BobAccounts,2765,19286.05,1031.24,1705.973,3241.053,5265.474
2017-05-04,CampaignAggregatorService,All,https://api.ucm.bingads.microsoft.com/api/v2/DataTable/BobAccounts,2816,18925.89,1062.473,1852.497,3742.921,7168.519
2017-05-05,CampaignAggregatorService,All,https://api.ucm.bingads.microsoft.com/api/v2/DataTable/BobAccounts,1868,12060.07,1000.001,1687.49,3125.021,4859.691
2017-05-08,CampaignAggregatorService,All,https://api.ucm.bingads.microsoft.com/api/v2/DataTable/BobAccounts,2752,19426.45,1031.211,1718.769,3124.991,4765.598
2017-05-09,CampaignAggregatorService,All,https://api.ucm.bingads.microsoft.com/api/v2/DataTable/BobAccounts,2526,8455.608,984.3825,1625.009,2985.49,4718.689
2017-05-10,CampaignAggregatorService,All,https://api.ucm.bingads.microsoft.com/api/v2/DataTable/BobAccounts,2295,19084.5,999.9868,1609.385,3042.731,4760.73
2017-05-11,CampaignAggregatorService,All,https://api.ucm.bingads.microsoft.com/api/v2/DataTable/BobAccounts,2214,12405.88,960.0217,1592.63,2800.022,4061.36
2017-05-12,CampaignAggregatorService,All,https://api.ucm.bingads.microsoft.com/api/v2/DataTable/BobAccounts,1942,14944.98,898.5694,1453.761,2524.107,4439.938
2017-05-15,CampaignAggregatorService,All,https://api.ucm.bingads.microsoft.com/api/v2/DataTable/BobAccounts,2743,18929.46,890.6196,1468.719,2675.395,4082.24
2017-05-16,CampaignAggregatorService,All,https://api.ucm.bingads.microsoft.com/api/v2/DataTable/BobAccounts,2549,10953.17,859.3445,1374.947,2539.13,4066.705
2017-05-17,CampaignAggregatorService,All,https://api.ucm.bingads.microsoft.com/api/v2/DataTable/BobAccounts,2316,23582.67,890.8467,1485.576,2632.65,4320.421
2017-05-18,CampaignAggregatorService,All,https://api.ucm.bingads.microsoft.com/api/v2/DataTable/BobAccounts,2425,19502.26,912.5931,1460.138,2550.806,3845.06
2017-05-19,CampaignAggregatorService,All,https://api.ucm.bingads.microsoft.com/api/v2/DataTable/BobAccounts,1765,18994.1,937.509,1487.236,2593.142,3926.561
2017-05-22,CampaignAggregatorService,All,https://api.ucm.bingads.microsoft.com/api/v2/DataTable/BobAccounts,2628,18954.47,937.5285,1562.499,2789.354,4015.341
2017-05-23,CampaignAggregatorService,All,https://api.ucm.bingads.microsoft.com/api/v2/DataTable/BobAccounts,2814,15583.16,968.7911,1551.585,2674.6,4171.761
2017-05-24,CampaignAggregatorService,All,https://api.ucm.bingads.microsoft.com/api/v2/DataTable/BobAccounts,2598,19481.38,1109.396,1946.501,3969.178,7160.312
2017-05-25,CampaignAggregatorService,All,https://api.ucm.bingads.microsoft.com/api/v2/DataTable/BobAccounts,2584,25819.54,965.2893,1624.853,2842.518,5420.148
2017-05-26,CampaignAggregatorService,All,https://api.ucm.bingads.microsoft.com/api/v2/DataTable/BobAccounts,1805,9912.212,921.885,1550.279,2803.564,4095.573
2017-05-29,CampaignAggregatorService,All,https://api.ucm.bingads.microsoft.com/api/v2/DataTable/BobAccounts,1122,21665.15,890.6311,1412.408,2661.211,3962.871
2017-05-30,CampaignAggregatorService,All,https://api.ucm.bingads.microsoft.com/api/v2/DataTable/BobAccounts,3198,12889.79,890.6259,1502.953,2612.926,3686.233
2017-05-31,CampaignAggregatorService,All,https://api.ucm.bingads.microsoft.com/api/v2/DataTable/BobAccounts,2642,13314.03,891.1778,1465.734,2669.272,4640.453
2017-06-01,CampaignAggregatorService,All,https://api.ucm.bingads.microsoft.com/api/v2/DataTable/BobAccounts,3226,19250.73,937.4524,1511.611,2750.964,4376.593
2017-06-02,CampaignAggregatorService,All,https://api.ucm.bingads.microsoft.com/api/v2/DataTable/BobAccounts,2076,12492.36,906.2289,1515.583,2656.204,4843.961
2017-06-05,CampaignAggregatorService,All,https://api.ucm.bingads.microsoft.com/api/v2/DataTable/BobAccounts,3172,11911.33,844.522,1423.052,2659.404,4470.104
2017-06-06,CampaignAggregatorService,All,https://api.ucm.bingads.microsoft.com/api/v2/DataTable/BobAccounts,3716,14525.89,859.4153,1390.593,2656.23,4000.024
2017-06-07,CampaignAggregatorService,All,https://api.ucm.bingads.microsoft.com/api/v2/DataTable/BobAccounts,3236,19255.47,937.4896,1499.044,2738.134,4507.882
2017-06-08,CampaignAggregatorService,All,https://api.ucm.bingads.microsoft.com/api/v2/DataTable/BobAccounts,2906,8224.897,874.9716,1437.486,2722.043,4593.897
2017-06-09,CampaignAggregatorService,All,https://api.ucm.bingads.microsoft.com/api/v2/DataTable/BobAccounts,2340,7266.524,781.2309,1300.339,2390.601,3771.974
2017-06-12,CampaignAggregatorService,All,https://api.ucm.bingads.microsoft.com/api/v2/DataTable/BobAccounts,2737,11859.84,828.1504,1370.257,2584.73,4170.246
2017-06-13,CampaignAggregatorService,All,https://api.ucm.bingads.microsoft.com/api/v2/DataTable/BobAccounts,2559,15229.06,797.1085,1363.453,2590.684,4280.634
2017-06-14,CampaignAggregatorService,All,https://api.ucm.bingads.microsoft.com/api/v2/DataTable/BobAccounts,2909,12844.13,874.4773,1484.408,2860.635,4473.684
2017-06-15,CampaignAggregatorService,All,https://api.ucm.bingads.microsoft.com/api/v2/DataTable/BobAccounts,1841,19900.26,828.0627,1393.83,2687.493,6207.285
2017-06-16,CampaignAggregatorService,All,https://api.ucm.bingads.microsoft.com/api/v2/DataTable/BobAccounts,1924,27596.97,830.1464,1421.919,2843.709,8339.656
2017-06-19,CampaignAggregatorService,All,https://api.ucm.bingads.microsoft.com/api/v2/DataTable/BobAccounts,2967,64757.55,812.4563,1399.302,2707.846,5205.768
2017-06-20,CampaignAggregatorService,All,https://api.ucm.bingads.microsoft.com/api/v2/DataTable/BobAccounts,2855,9398.188,828.7688,1410.235,2484.673,3988.297
2017-06-21,CampaignAggregatorService,All,https://api.ucm.bingads.microsoft.com/api/v2/DataTable/BobAccounts,2347,9392.942,781.2051,1324.392,2540.342,3689.319
2017-06-22,CampaignAggregatorService,All,https://api.ucm.bingads.microsoft.com/api/v2/DataTable/BobAccounts,2431,8050.938,765.5033,1278.148,2499.955,3515.649
2017-06-23,CampaignAggregatorService,All,https://api.ucm.bingads.microsoft.com/api/v2/DataTable/BobAccounts,1856,7092.675,906.412,1530.647,2718.513,3746.214
2017-06-26,CampaignAggregatorService,All,https://api.ucm.bingads.microsoft.com/api/v2/DataTable/BobAccounts,2835,29035.84,842.1232,1473.351,2976.112,6560.695
2017-06-27,CampaignAggregatorService,All,https://api.ucm.bingads.microsoft.com/api/v2/DataTable/BobAccounts,2238,10725.83,890.6749,1468.714,2751.753,4538.214
2017-06-28,CampaignAggregatorService,All,https://api.ucm.bingads.microsoft.com/api/v2/DataTable/BobAccounts,2390,19189.23,911.3343,1593.719,2995.287,4481.041
2017-06-29,CampaignAggregatorService,All,https://api.ucm.bingads.microsoft.com/api/v2/DataTable/BobAccounts,2492,19255.23,890.6367,1531.26,2968.737,4256.976
2017-06-30,CampaignAggregatorService,All,https://api.ucm.bingads.microsoft.com/api/v2/DataTable/BobAccounts,1714,13187.5,906.3185,1575.563,2885.633,4175.075
2017-07-03,CampaignAggregatorService,All,https://api.ucm.bingads.microsoft.com/api/v2/DataTable/BobAccounts,1852,35723.3,843.7836,1435.707,3090.869,8019.845
2017-07-04,CampaignAggregatorService,All,https://api.ucm.bingads.microsoft.com/api/v2/DataTable/BobAccounts,1199,16905.58,812.498,1359.423,3087.153,9218.985
2017-07-05,CampaignAggregatorService,All,https://api.ucm.bingads.microsoft.com/api/v2/DataTable/BobAccounts,2644,47780.75,859.3935,1421.861,2940.343,7765.806
2017-07-06,CampaignAggregatorService,All,https://api.ucm.bingads.microsoft.com/api/v2/DataTable/BobAccounts,2664,19197.21,784.2902,1296.858,2578.624,4068.285
2017-07-07,CampaignAggregatorService,All,https://api.ucm.bingads.microsoft.com/api/v2/DataTable/BobAccounts,1891,6506.371,812.4672,1343.741,2550.068,4104.085
2017-07-10,CampaignAggregatorService,All,https://api.ucm.bingads.microsoft.com/api/v2/DataTable/BobAccounts,2440,21588.53,828.1531,1443.324,2964.02,6667.5
2017-07-11,CampaignAggregatorService,All,https://api.ucm.bingads.microsoft.com/api/v2/DataTable/BobAccounts,2193,19208.55,812.5093,1453.115,2788.399,4262.011
2017-07-12,CampaignAggregatorService,All,https://api.ucm.bingads.microsoft.com/api/v2/DataTable/BobAccounts,2006,15174.34,841.3676,1493.702,2812.594,5036.688
2017-07-13,CampaignAggregatorService,All,https://api.ucm.bingads.microsoft.com/api/v2/DataTable/BobAccounts,1960,37829.13,840.0314,1521.342,3097.772,6729.739
2017-07-14,CampaignAggregatorService,All,https://api.ucm.bingads.microsoft.com/api/v2/DataTable/BobAccounts,1623,13693.96,796.8917,1379.891,2736.323,4965.133
2017-07-17,CampaignAggregatorService,All,https://api.ucm.bingads.microsoft.com/api/v2/DataTable/BobAccounts,2094,14298.63,890.6091,1521.25,3246.308,7513.692
2017-07-18,CampaignAggregatorService,All,https://api.ucm.bingads.microsoft.com/api/v2/DataTable/BobAccounts,2037,10031.1,859.7563,1504.019,2937.782,4470.013
2017-07-19,CampaignAggregatorService,All,https://api.ucm.bingads.microsoft.com/api/v2/DataTable/BobAccounts,2516,19194.95,812.4795,1405.579,2768.146,4596.609
2017-07-20,CampaignAggregatorService,All,https://api.ucm.bingads.microsoft.com/api/v2/DataTable/BobAccounts,2259,54433.82,828.1272,1484.302,3140.858,9023.825
2017-07-21,CampaignAggregatorService,All,https://api.ucm.bingads.microsoft.com/api/v2/DataTable/BobAccounts,1470,11163.94,890.6289,1485.438,2831.291,4133.647
2017-07-24,CampaignAggregatorService,All,https://api.ucm.bingads.microsoft.com/api/v2/DataTable/BobAccounts,2458,11009.39,957.0246,1625.073,2913.926,4249.927
2017-07-25,CampaignAggregatorService,All,https://api.ucm.bingads.microsoft.com/api/v2/DataTable/BobAccounts,2363,24065.23,859.3664,1472.306,2766.077,4700.864
2017-07-26,CampaignAggregatorService,All,https://api.ucm.bingads.microsoft.com/api/v2/DataTable/BobAccounts,2232,19182.76,958.1647,1624.625,3120.821,6058.236
2017-07-27,CampaignAggregatorService,All,https://api.ucm.bingads.microsoft.com/api/v2/DataTable/BobAccounts,1832,10070.46,908.4435,1651.701,3205.581,5829.71
2017-07-28,CampaignAggregatorService,All,https://api.ucm.bingads.microsoft.com/api/v2/DataTable/BobAccounts,1558,11051.88,969.2348,1613.519,3225.698,5819.553
2017-07-31,CampaignAggregatorService,All,https://api.ucm.bingads.microsoft.com/api/v2/DataTable/BobAccounts,2124,7855.419,912.8587,1546.884,2933.062,4481.854
2017-08-01,CampaignAggregatorService,All,https://api.ucm.bingads.microsoft.com/api/v2/DataTable/BobAccounts,2254,10533.85,937.5256,1625.523,3127.487,4877.74
2017-08-02,CampaignAggregatorService,All,https://api.ucm.bingads.microsoft.com/api/v2/DataTable/BobAccounts,1927,11676.56,890.6917,1521.841,3019.409,4190.415
2017-08-03,CampaignAggregatorService,All,https://api.ucm.bingads.microsoft.com/api/v2/DataTable/BobAccounts,2057,12525.62,942.3057,1645.75,3169.429,4628.636
2017-08-04,CampaignAggregatorService,All,https://api.ucm.bingads.microsoft.com/api/v2/DataTable/BobAccounts,1410,11881.73,840.4572,1557.977,3179.805,5715.25
2017-08-07,CampaignAggregatorService,All,https://api.ucm.bingads.microsoft.com/api/v2/DataTable/BobAccounts,1636,12751.43,936.0427,1664.782,3208.489,6174.37
2017-08-08,CampaignAggregatorService,All,https://api.ucm.bingads.microsoft.com/api/v2/DataTable/BobAccounts,708,12070.06,837.348,1549.306,3485.05,5358.698
2017-08-09,CampaignAggregatorService,All,https://api.ucm.bingads.microsoft.com/api/v2/DataTable/BobAccounts,2130,9515.847,856.9622,1651.215,3234.553,5398.12
2017-08-10,CampaignAggregatorService,All,https://api.ucm.bingads.microsoft.com/api/v2/DataTable/BobAccounts,2772,19214.44,843.8959,1624.907,3363.625,5883.551
2017-08-11,CampaignAggregatorService,All,https://api.ucm.bingads.microsoft.com/api/v2/DataTable/BobAccounts,1922,9496.629,812.5218,1421.912,2749.199,4294.928
2017-08-14,CampaignAggregatorService,All,https://api.ucm.bingads.microsoft.com/api/v2/DataTable/BobAccounts,2272,11373.74,832.2269,1558.799,3015.743,5523.322
2017-08-15,CampaignAggregatorService,All,https://api.ucm.bingads.microsoft.com/api/v2/DataTable/BobAccounts,1991,12807.89,874.2089,1586.044,2953.198,5381.486
2017-08-16,CampaignAggregatorService,All,https://api.ucm.bingads.microsoft.com/api/v2/DataTable/BobAccounts,2471,15075.05,888.8133,1608.409,3065.274,5286.178
2017-08-17,CampaignAggregatorService,All,https://api.ucm.bingads.microsoft.com/api/v2/DataTable/BobAccounts,2271,12962.74,906.2674,1640.673,3315.471,4671.382
2017-08-18,CampaignAggregatorService,All,https://api.ucm.bingads.microsoft.com/api/v2/DataTable/BobAccounts,1719,15568.99,925.0297,1644.7,3123.035,4739.491
2017-08-21,CampaignAggregatorService,All,https://api.ucm.bingads.microsoft.com/api/v2/DataTable/BobAccounts,2425,56264.73,953.2555,1626.958,3115.068,5218.292
2017-08-22,CampaignAggregatorService,All,https://api.ucm.bingads.microsoft.com/api/v2/DataTable/BobAccounts,2571,19786.11,1083.823,1857.829,3705.63,6644.086
2017-08-23,CampaignAggregatorService,All,https://api.ucm.bingads.microsoft.com/api/v2/DataTable/BobAccounts,2668,22651.85,947.7338,1687.358,3563.071,7765.305
2017-08-24,CampaignAggregatorService,All,https://api.ucm.bingads.microsoft.com/api/v2/DataTable/BobAccounts,2451,30093.58,908.913,1656.267,3096.759,5067.475
2017-08-25,CampaignAggregatorService,All,https://api.ucm.bingads.microsoft.com/api/v2/DataTable/BobAccounts,1879,12393.87,896.7565,1593.789,3140.65,4874.724
2017-08-28,CampaignAggregatorService,All,https://api.ucm.bingads.microsoft.com/api/v2/DataTable/BobAccounts,3087,9379.798,937.5313,1625.162,3125.146,4865.833
2017-08-29,CampaignAggregatorService,All,https://api.ucm.bingads.microsoft.com/api/v2/DataTable/BobAccounts,2423,17322.49,1015.904,1841.217,3485.751,6843.911
2017-08-30,CampaignAggregatorService,All,https://api.ucm.bingads.microsoft.com/api/v2/DataTable/BobAccounts,2514,12337.59,1017.233,1750.038,3141.301,4859.324
2017-08-31,CampaignAggregatorService,All,https://api.ucm.bingads.microsoft.com/api/v2/DataTable/BobAccounts,2148,13450.48,1031.287,1779.648,3333.825,4999.574
2017-09-01,CampaignAggregatorService,All,https://api.ucm.bingads.microsoft.com/api/v2/DataTable/BobAccounts,1613,6622.418,1016.335,1708.412,2937.737,4109.458
2017-09-04,CampaignAggregatorService,All,https://api.ucm.bingads.microsoft.com/api/v2/DataTable/BobAccounts,1489,32771.7,1029.757,1922.523,4593.76,10360.66
2017-09-05,CampaignAggregatorService,All,https://api.ucm.bingads.microsoft.com/api/v2/DataTable/BobAccounts,3141,16088.12,918.788,1593.788,3126.181,4901.321
2017-09-06,CampaignAggregatorService,All,https://api.ucm.bingads.microsoft.com/api/v2/DataTable/BobAccounts,3222,15890.74,953.0944,1628.957,3030.274,5028.779
2017-09-07,CampaignAggregatorService,All,https://api.ucm.bingads.microsoft.com/api/v2/DataTable/BobAccounts,2478,23889.94,938.3147,1636.395,3053.544,4940.03
2017-09-08,CampaignAggregatorService,All,https://api.ucm.bingads.microsoft.com/api/v2/DataTable/BobAccounts,2326,30641.56,935.969,1594.494,2862.814,4615.834
2017-09-11,CampaignAggregatorService,All,https://api.ucm.bingads.microsoft.com/api/v2/DataTable/BobAccounts,3299,13143.4,937.5112,1614.851,2964.599,4768.844
2017-09-12,CampaignAggregatorService,All,https://api.ucm.bingads.microsoft.com/api/v2/DataTable/BobAccounts,4744,10891.52,874.9914,1608.218,3049.095,5344.094
2017-09-13,CampaignAggregatorService,All,https://api.ucm.bingads.microsoft.com/api/v2/DataTable/BobAccounts,2794,60199.53,921.8756,1686.141,3721.64,42363.52
2017-09-14,CampaignAggregatorService,All,https://api.ucm.bingads.microsoft.com/api/v2/DataTable/BobAccounts,2367,60009.86,986.2976,1752.475,3344.791,6399.25
2017-09-15,CampaignAggregatorService,All,https://api.ucm.bingads.microsoft.com/api/v2/DataTable/BobAccounts,2116,60013.48,890.7407,1515.683,3156.4,8170.642
2017-09-18,CampaignAggregatorService,All,https://api.ucm.bingads.microsoft.com/api/v2/DataTable/BobAccounts,2912,10314.23,937.5222,1640.64,2978.818,4389.271
2017-09-19,CampaignAggregatorService,All,https://api.ucm.bingads.microsoft.com/api/v2/DataTable/BobAccounts,3403,9593.818,860.5824,1546.973,2919.629,4640.112
2017-09-20,CampaignAggregatorService,All,https://api.ucm.bingads.microsoft.com/api/v2/DataTable/BobAccounts,2514,15166.1,935.8807,1624.73,3213.82,4935.65
2017-09-21,CampaignAggregatorService,All,https://api.ucm.bingads.microsoft.com/api/v2/DataTable/BobAccounts,2389,19195.89,980.0463,1701.975,3324.573,5725.873
2017-09-22,CampaignAggregatorService,All,https://api.ucm.bingads.microsoft.com/api/v2/DataTable/BobAccounts,1798,24404.53,1007.284,1796.865,3406.266,6970.515
2017-09-25,CampaignAggregatorService,All,https://api.ucm.bingads.microsoft.com/api/v2/DataTable/BobAccounts,2923,60407.53,970.0093,1685.078,3140.647,5284.63
2017-09-26,CampaignAggregatorService,All,https://api.ucm.bingads.microsoft.com/api/v2/DataTable/BobAccounts,2930,15625.17,953.1664,1703.245,3328.124,5901.913
2017-09-27,CampaignAggregatorService,All,https://api.ucm.bingads.microsoft.com/api/v2/DataTable/BobAccounts,2807,13178.33,953.142,1679.517,3171.882,5399.667
2017-09-28,CampaignAggregatorService,All,https://api.ucm.bingads.microsoft.com/api/v2/DataTable/BobAccounts,2723,10768.19,1018.691,1781.24,3277.014,4889.876
2017-09-29,CampaignAggregatorService,All,https://api.ucm.bingads.microsoft.com/api/v2/DataTable/BobAccounts,1936,16146.34,1046.088,1770.257,3351.773,6860.398
2017-10-02,CampaignAggregatorService,All,https://api.ucm.bingads.microsoft.com/api/v2/DataTable/BobAccounts,3072,13569.05,1042.763,1718.744,3480.744,6156.634
2017-10-03,CampaignAggregatorService,All,https://api.ucm.bingads.microsoft.com/api/v2/DataTable/BobAccounts,2812,9984.402,904.318,1497.951,3109.46,5140.716
2017-10-04,CampaignAggregatorService,All,https://api.ucm.bingads.microsoft.com/api/v2/DataTable/BobAccounts,2409,100585.2,875.0056,1437.583,3106.903,6116.008
2017-10-05,CampaignAggregatorService,All,https://api.ucm.bingads.microsoft.com/api/v2/DataTable/BobAccounts,2476,18520.83,968.9015,1623.604,3089.417,6310.164
2017-10-06,CampaignAggregatorService,All,https://api.ucm.bingads.microsoft.com/api/v2/DataTable/BobAccounts,1967,19228.47,954.1241,1578.151,2943.131,5611.536
2017-10-09,CampaignAggregatorService,All,https://api.ucm.bingads.microsoft.com/api/v2/DataTable/BobAccounts,2545,19234.72,937.5066,1703.236,3187.573,5612.046
2017-10-10,CampaignAggregatorService,All,https://api.ucm.bingads.microsoft.com/api/v2/DataTable/BobAccounts,2542,31598.47,935.5338,1546.875,2943.486,5062.107
2017-10-11,CampaignAggregatorService,All,https://api.ucm.bingads.microsoft.com/api/v2/DataTable/BobAccounts,2658,138511.3,905.4014,1540.91,3015.601,5632.999
2017-10-12,CampaignAggregatorService,All,https://api.ucm.bingads.microsoft.com/api/v2/DataTable/BobAccounts,2212,19191.2,862.0368,1515.725,2656.143,4904.426
2017-10-13,CampaignAggregatorService,All,https://api.ucm.bingads.microsoft.com/api/v2/DataTable/BobAccounts,1511,12409.48,953.141,1656.261,3128.134,5353.768
2017-10-16,CampaignAggregatorService,All,https://api.ucm.bingads.microsoft.com/api/v2/DataTable/BobAccounts,2513,12112.89,905.6901,1549.048,2928.482,5014.321
2017-10-17,CampaignAggregatorService,All,https://api.ucm.bingads.microsoft.com/api/v2/DataTable/BobAccounts,2023,19599.39,1015.457,1656.935,3140.616,5352.791
2017-10-18,CampaignAggregatorService,All,https://api.ucm.bingads.microsoft.com/api/v2/DataTable/BobAccounts,1919,11290.67,950.2063,1654.187,3081.485,5745.038
2017-10-19,CampaignAggregatorService,All,https://api.ucm.bingads.microsoft.com/api/v2/DataTable/BobAccounts,2274,14121.98,920.2842,1641.842,3064.765,4996.111
2017-10-20,CampaignAggregatorService,All,https://api.ucm.bingads.microsoft.com/api/v2/DataTable/BobAccounts,2001,8325.146,905.9369,1672.307,3265.627,5109.656
2017-10-23,CampaignAggregatorService,All,https://api.ucm.bingads.microsoft.com/api/v2/DataTable/BobAccounts,2695,10179.43,965.0294,1750.049,3312.604,4970.246
2017-10-24,CampaignAggregatorService,All,https://api.ucm.bingads.microsoft.com/api/v2/DataTable/BobAccounts,2398,19222.73,972.3793,1721.498,3385.256,5938.314
2017-10-25,CampaignAggregatorService,All,https://api.ucm.bingads.microsoft.com/api/v2/DataTable/BobAccounts,2365,11866.04,963.3466,1624.619,3203.087,5433.569
2017-10-26,CampaignAggregatorService,All,https://api.ucm.bingads.microsoft.com/api/v2/DataTable/BobAccounts,2076,19234.25,1027.357,1812.517,3324.792,6216.667
2017-10-27,CampaignAggregatorService,All,https://api.ucm.bingads.microsoft.com/api/v2/DataTable/BobAccounts,1946,7447.798,960.4135,1717.875,3091.967,4909.243
2017-10-30,CampaignAggregatorService,All,https://api.ucm.bingads.microsoft.com/api/v2/DataTable/BobAccounts,3643,42186.66,1152.093,2145.581,4968.545,42049.73
2017-10-31,CampaignAggregatorService,All,https://api.ucm.bingads.microsoft.com/api/v2/DataTable/BobAccounts,4260,116207.9,1315.754,2596.348,15604.03,34669.85
2017-11-01,CampaignAggregatorService,All,https://api.ucm.bingads.microsoft.com/api/v2/DataTable/BobAccounts,4493,60123.57,1329.936,2562.448,6205.013,12705.95
2017-11-02,CampaignAggregatorService,All,https://api.ucm.bingads.microsoft.com/api/v2/DataTable/BobAccounts,2730,62043.66,967.7109,1738.645,3452.433,6525.721
2017-11-03,CampaignAggregatorService,All,https://api.ucm.bingads.microsoft.com/api/v2/DataTable/BobAccounts,2243,19845.24,953.0268,1624.219,3025.995,5614.346
2017-11-06,CampaignAggregatorService,All,https://api.ucm.bingads.microsoft.com/api/v2/DataTable/BobAccounts,2612,49145.46,987.9791,1795.654,3468.785,8295.139
2017-11-07,CampaignAggregatorService,All,https://api.ucm.bingads.microsoft.com/api/v2/DataTable/BobAccounts,2993,19202.02,937.5945,1626.766,3000.022,5000.162
2017-11-08,CampaignAggregatorService,All,https://api.ucm.bingads.microsoft.com/api/v2/DataTable/BobAccounts,2551,11810.3,975.4539,1684.335,3003.073,4768.264
2017-11-09,CampaignAggregatorService,All,https://api.ucm.bingads.microsoft.com/api/v2/DataTable/BobAccounts,2572,11266.03,921.9209,1687.541,3110.932,5407.999
2017-11-10,CampaignAggregatorService,All,https://api.ucm.bingads.microsoft.com/api/v2/DataTable/BobAccounts,2010,12252.47,949.3949,1589.983,2969.328,4487.18
2017-11-13,CampaignAggregatorService,All,https://api.ucm.bingads.microsoft.com/api/v2/DataTable/BobAccounts,3377,14426.9,935.3309,1692.819,3404.173,5890.92
2017-11-14,CampaignAggregatorService,All,https://api.ucm.bingads.microsoft.com/api/v2/DataTable/BobAccounts,3008,11648.57,970.3862,1824.932,3733.516,6826.304
2017-11-15,CampaignAggregatorService,All,https://api.ucm.bingads.microsoft.com/api/v2/DataTable/BobAccounts,2423,60414.9,1063.444,1939.156,3894.982,8663.879
2017-11-16,CampaignAggregatorService,All,https://api.ucm.bingads.microsoft.com/api/v2/DataTable/BobAccounts,3618,19308.92,834.0741,1525.626,3468.832,8265.695
2017-11-17,CampaignAggregatorService,All,https://api.ucm.bingads.microsoft.com/api/v2/DataTable/BobAccounts,2152,19215.54,1153.867,2059.702,4473.191,8649.899
2017-11-20,CampaignAggregatorService,All,https://api.ucm.bingads.microsoft.com/api/v2/DataTable/BobAccounts,3186,60051.15,1203.109,2160.948,5562.43,48124.75
2017-11-21,CampaignAggregatorService,All,https://api.ucm.bingads.microsoft.com/api/v2/DataTable/BobAccounts,2651,60014.48,1249.936,2359.357,5560.268,10896.41
2017-11-22,CampaignAggregatorService,All,https://api.ucm.bingads.microsoft.com/api/v2/DataTable/BobAccounts,1758,60003.89,1234.348,2186.698,4619.802,9348.99
2017-11-23,CampaignAggregatorService,All,https://api.ucm.bingads.microsoft.com/api/v2/DataTable/BobAccounts,1441,30367.09,1374.917,2620.713,6003.575,12027.61
2017-11-24,CampaignAggregatorService,All,https://api.ucm.bingads.microsoft.com/api/v2/DataTable/BobAccounts,1609,28429.76,1156.245,2117.316,4731.275,8611.918
2017-11-27,CampaignAggregatorService,All,https://api.ucm.bingads.microsoft.com/api/v2/DataTable/BobAccounts,4139,30521.26,1464.495,2404.472,4928.563,8917.494
2017-11-28,CampaignAggregatorService,All,https://api.ucm.bingads.microsoft.com/api/v2/DataTable/BobAccounts,5613,24746.9,1593.566,2554.065,5593.374,10786.32
2017-11-29,CampaignAggregatorService,All,https://api.ucm.bingads.microsoft.com/api/v2/DataTable/BobAccounts,4658,30342.69,1812.54,3234.34,9106.542,17113.21
2017-11-30,CampaignAggregatorService,All,https://api.ucm.bingads.microsoft.com/api/v2/DataTable/BobAccounts,4569,17276.85,1468.781,2230.845,4192.621,7876.417
2017-12-01,CampaignAggregatorService,All,https://api.ucm.bingads.microsoft.com/api/v2/DataTable/BobAccounts,4462,19271.05,1423.662,2095.327,3818.315,6040.771
2017-12-04,CampaignAggregatorService,All,https://api.ucm.bingads.microsoft.com/api/v2/DataTable/BobAccounts,5327,18350.88,1426.895,2164.769,3888.342,6863.631
2017-12-05,CampaignAggregatorService,All,https://api.ucm.bingads.microsoft.com/api/v2/DataTable/BobAccounts,8721,19259.12,1296.86,1984.426,3757.494,6497.02
2017-12-06,CampaignAggregatorService,All,https://api.ucm.bingads.microsoft.com/api/v2/DataTable/BobAccounts,5428,18889.85,1281.401,1984.348,3921.993,6589.067
2017-12-07,CampaignAggregatorService,All,https://api.ucm.bingads.microsoft.com/api/v2/DataTable/BobAccounts,3312,28681.93,1343.906,2013.328,3418.397,5314.181
2017-12-08,CampaignAggregatorService,All,https://api.ucm.bingads.microsoft.com/api/v2/DataTable/BobAccounts,3039,19273.2,1449.944,2149.268,3796.577,5591.532
2017-12-11,CampaignAggregatorService,All,https://api.ucm.bingads.microsoft.com/api/v2/DataTable/BobAccounts,3357,16611.3037,1443.3146281397,2216.65910407666,4176.041775,6621.5988
2017-12-12,CampaignAggregatorService,All,https://api.ucm.bingads.microsoft.com/api/v2/DataTable/BobAccounts,3475,30338.6371,1627.33770494443,2710.30198731417,7736.23678333333,14641.5456
2017-12-13,CampaignAggregatorService,All,https://api.ucm.bingads.microsoft.com/api/v2/DataTable/BobAccounts,2996,22105.4771,1524.78202308227,2308.37768781402,5322.128005,13271.2811
2017-12-14,CampaignAggregatorService,All,https://api.ucm.bingads.microsoft.com/api/v2/DataTable/BobAccounts,2867,23837.4102,1546.90732816898,2397.51177202381,5206.34247333333,9753.6379
2017-12-15,CampaignAggregatorService,All,https://api.ucm.bingads.microsoft.com/api/v2/DataTable/BobAccounts,2159,60006.7773,1395.06800997338,2187.72626380238,4000.84697083333,7195.7007
2017-12-18,CampaignAggregatorService,All,https://api.ucm.bingads.microsoft.com/api/v2/DataTable/BobAccounts,2870,19455.2732,1545.60499018482,2341.87053580995,4345.16269722222,7472.7848
2017-12-19,CampaignAggregatorService,All,https://api.ucm.bingads.microsoft.com/api/v2/DataTable/BobAccounts,2933,20048.7602,1564.27610292203,2413.31787710317,4625.51834,7547.4178
2017-12-20,CampaignAggregatorService,All,https://api.ucm.bingads.microsoft.com/api/v2/DataTable/BobAccounts,2772,19356.3427,1516.03151209776,2313.39601851852,4797.74237407407,7857.0951
2017-12-21,CampaignAggregatorService,All,https://api.ucm.bingads.microsoft.com/api/v2/DataTable/BobAccounts,2526,17233.8611,1547.11701111111,2362.83091588174,4585.629,8423.7325
2017-12-22,CampaignAggregatorService,All,https://api.ucm.bingads.microsoft.com/api/v2/DataTable/BobAccounts,1467,11402.5908,1496.15924880769,2271.08818125,4055.3233,7258.8678
2017-12-25,CampaignAggregatorService,All,https://api.ucm.bingads.microsoft.com/api/v2/DataTable/BobAccounts,169,4886.9572,1359.348,1828.0579,2562.1831,4530.7218
2017-12-26,CampaignAggregatorService,All,https://api.ucm.bingads.microsoft.com/api/v2/DataTable/BobAccounts,634,19288.3902,1325.52332,1941.46483333333,3828.1736,5961.7705
2017-12-27,CampaignAggregatorService,All,https://api.ucm.bingads.microsoft.com/api/v2/DataTable/BobAccounts,2199,37470.1942,1417.03068095705,2176.67259148148,4048.3118,6711.0494
2017-12-28,CampaignAggregatorService,All,https://api.ucm.bingads.microsoft.com/api/v2/DataTable/BobAccounts,1676,13896.7942,1567.43448923652,2385.2333287619,4155.765975,7031.0341
2017-12-29,CampaignAggregatorService,All,https://api.ucm.bingads.microsoft.com/api/v2/DataTable/BobAccounts,1355,19253.2656,1709.042984,2588.57864383371,4644.5744,9561.7121
2018-01-01,CampaignAggregatorService,All,https://api.ucm.bingads.microsoft.com/api/v2/DataTable/BobAccounts,573,10379.9604,1792.9636125,2332.185425,3719.2873,7031.2112
2018-01-02,CampaignAggregatorService,All,https://api.ucm.bingads.microsoft.com/api/v2/DataTable/BobAccounts,3688,19250.0914,1590.53475669372,2405.16020237917,4398.70244166667,6922.1118
2018-01-03,CampaignAggregatorService,All,https://api.ucm.bingads.microsoft.com/api/v2/DataTable/BobAccounts,3622,60001.721,1424.32065338501,2142.73699436508,3986.422812,6859.6287
2018-01-04,CampaignAggregatorService,All,https://api.ucm.bingads.microsoft.com/api/v2/DataTable/BobAccounts,3208,21646.8935,1472.35505874811,2155.92039392964,3729.26603,6545.7554
2018-01-05,CampaignAggregatorService,All,https://api.ucm.bingads.microsoft.com/api/v2/DataTable/BobAccounts,2964,19253.727,1475.27299738654,2134.62823184153,3710.067681875,6066.8607
2018-01-08,CampaignAggregatorService,All,https://api.ucm.bingads.microsoft.com/api/v2/DataTable/BobAccounts,3629,19254.5079,1486.19564978507,2200.18520159781,3989.36073333333,6118.993
2018-01-09,CampaignAggregatorService,All,https://api.ucm.bingads.microsoft.com/api/v2/DataTable/BobAccounts,3549,14474.1855,1407.39982596109,2010.47473237544,3574.86903296296,5377.9903
2018-01-10,CampaignAggregatorService,All,https://api.ucm.bingads.microsoft.com/api/v2/DataTable/BobAccounts,3505,20253.0733,1258.28406410219,1867.18045023504,3185.412674,4953.6397
2018-01-11,CampaignAggregatorService,All,https://api.ucm.bingads.microsoft.com/api/v2/DataTable/BobAccounts,3452,22743.0987,1319.40239822921,1949.36074161918,3356.79848541667,5171.752
2018-01-12,CampaignAggregatorService,All,https://api.ucm.bingads.microsoft.com/api/v2/DataTable/BobAccounts,2722,11228.7121,1282.86858072674,1883.78648267288,3221.00131666667,5324.1842
2018-01-15,CampaignAggregatorService,All,https://api.ucm.bingads.microsoft.com/api/v2/DataTable/BobAccounts,1678,15801.5974,1424.28650132804,2070.63082321429,3653.07905,7513.1787
2018-01-16,CampaignAggregatorService,All,https://api.ucm.bingads.microsoft.com/api/v2/DataTable/BobAccounts,3492,16096.4201,1347.70047081924,2008.43088793887,3615.4825,6222.879
2018-01-17,CampaignAggregatorService,All,https://api.ucm.bingads.microsoft.com/api/v2/DataTable/BobAccounts,3181,11838.9206,1319.47832575973,1985.80868863471,3458.5693,5750.0581
2018-01-18,CampaignAggregatorService,All,https://api.ucm.bingads.microsoft.com/api/v2/DataTable/BobAccounts,3170,16677.9383,1383.26396040427,2042.86216810606,3687.380328125,6407.1196
2018-01-19,CampaignAggregatorService,All,https://api.ucm.bingads.microsoft.com/api/v2/DataTable/BobAccounts,2481,78912.4795,1420.33779709432,2164.9698200641,5129.2896,10264.1855
2018-01-22,CampaignAggregatorService,All,https://api.ucm.bingads.microsoft.com/api/v2/DataTable/BobAccounts,3109,16729.1777,1513.1279052021,2323.89655667532,4824.87784333333,8701.7694
2018-01-23,CampaignAggregatorService,All,https://api.ucm.bingads.microsoft.com/api/v2/DataTable/BobAccounts,2495,26039.7281,1558.16306883224,2435.73320849359,5172.3096,13411.8819
2018-01-24,CampaignAggregatorService,All,https://api.ucm.bingads.microsoft.com/api/v2/DataTable/BobAccounts,2531,24743.9709,1512.51630591877,2452.55079003704,5719.13450833333,11099.2032
2018-01-25,CampaignAggregatorService,All,https://api.ucm.bingads.microsoft.com/api/v2/DataTable/BobAccounts,2481,21870.5227,1441.14635486125,2336.09013188034,4736.45276666667,9278.5498
2018-01-26,CampaignAggregatorService,All,https://api.ucm.bingads.microsoft.com/api/v2/DataTable/BobAccounts,1944,19252.0504,1461.16108135684,2320.7403797963,5440.80078333333,10006.7249
2018-01-29,CampaignAggregatorService,All,https://api.ucm.bingads.microsoft.com/api/v2/DataTable/BobAccounts,3085,20326.4276,1542.45379133359,2520.87412207064,5072.93874444444,8416.1155
2018-01-30,CampaignAggregatorService,All,https://api.ucm.bingads.microsoft.com/api/v2/DataTable/BobAccounts,2259,11223.772,1542.16950382684,2264.88932,4246.2262,7243.7866
2018-01-31,CampaignAggregatorService,All,https://api.ucm.bingads.microsoft.com/api/v2/DataTable/BobAccounts,2112,16837.8887,1408.88812222222,2047.83193321429,3340.60593333333,5795.7454
2018-02-01,CampaignAggregatorService,All,https://api.ucm.bingads.microsoft.com/api/v2/DataTable/BobAccounts,2850,21453.6116,1482.6176078836,2135.14088626374,3572.41004375,6179.7049
2018-02-02,CampaignAggregatorService,All,https://api.ucm.bingads.microsoft.com/api/v2/DataTable/BobAccounts,2685,19262.4595,1375.59481697303,1938.73735365079,3243.40238333333,5411.8923
2018-02-05,CampaignAggregatorService,All,https://api.ucm.bingads.microsoft.com/api/v2/DataTable/BobAccounts,230,7102.2167,1869.3201,2562.9415,4627.4772,5841.207
